0,29.4412461,34.841524,1@32@2,906119@15@2,,
1,29.44148,34.8417302,2@114@2,0@32@2,,
2,29.442425,34.8422023,3@203@2,1@114@2,,
3,29.444021,34.8432352,4@486@2,2@203@2,,
4,29.4476115,34.8460974,5@751@2,3@486@2,,
5,29.4529769,34.8508125,6@165@2,4@751@2,,
6,29.454155,34.8518639,7@13@2,5@165@2,,
7,29.4542612,34.8519374,6@13@2,906032@23@2,,
8,29.492126,34.8987881,9@30@2,829462@230@2,,
9,29.4920116,34.8990719,10@157@2,8@30@2,,
10,29.4912583,34.9004446,11@96@2,9@157@2,,
11,29.4909371,34.901371,12@63@2,10@96@2,,
12,29.4908522,34.9020228,13@75@2,11@63@2,,
13,29.490986,34.9027843,12@75@2,37370@46@2,,
14,29.5507713,34.9534636,15@15@2,30@15@2,23338@37@2,
15,29.5507154,34.9536124,16@11@2,14@15@2,,
16,29.5507159,34.9537318,17@6@2,15@11@2,,
17,29.5507317,34.953796,18@11@2,16@6@2,,
18,29.5507859,34.953898,19@11@2,17@11@2,,
19,29.5508671,34.9539726,20@8@2,18@11@2,,
20,29.5509382,34.9540044,21@11@2,19@8@2,23228@25@8,
21,29.5510419,34.9540126,22@6@2,20@11@2,,
22,29.5510952,34.9540004,23@8@2,21@6@2,,
23,29.5511683,34.9539628,24@15@2,22@8@2,,
24,29.5512672,34.9538471,25@9@2,23@15@2,34373@32@2,
25,29.5512995,34.9537591,26@16@2,24@9@2,,
26,29.5513006,34.9535866,27@11@2,25@16@2,,
27,29.5512581,34.9534776,28@15@2,26@11@2,,
28,29.5511549,34.9533693,29@15@2,27@15@2,23184@23@8,
29,29.5510197,34.9533267,30@16@2,28@15@2,,
30,29.5508784,34.9533617,14@15@2,29@16@2,,
31,31.7808326,35.2213279,32@20@11,535085@93@11,,
32,31.7806536,35.2213603,33@16@11,,,
33,31.7805229,35.2214382,34@42@11,,,
34,31.7801791,35.221643,35@63@11,,,
35,31.7796838,35.2219742,36@39@11,,,
36,31.7793736,35.2221817,37@33@11,,,
37,31.7791072,35.2223454,38@11@11,,,
38,31.7790219,35.2224072,39@43@11,,,
39,31.77867,35.2226169,40@27@11,673@31@11,,
40,31.7784431,35.2227319,41@13@11,,,
41,31.7783298,35.2227794,871850@11@8,,,
42,31.7810011,35.2171126,43@30@11,,,
43,31.7810354,35.2174379,44@37@11,,,
44,31.7810738,35.2178333,45@52@11,,,
45,31.7811296,35.2183822,46@15@11,279@43@11,,
46,31.7811463,35.218547,536354@6@11,,,
47,31.7778594,35.2033203,48@18@8,6936@61@8,663081@83@8,
48,31.7779786,35.2034497,49@12@8,47@18@8,,
49,31.7780115,35.2035751,50@23@8,48@12@8,,
50,31.7779895,35.2038218,51@30@8,49@23@8,,
51,31.777986,35.2041451,50@30@8,663084@12@8,,
52,31.7747593,35.2031589,53@76@12,129@13@8,128@22@8,
53,31.7743051,35.2025511,54@33@12,52@76@12,,
54,31.7740796,35.2023092,55@50@12,53@33@12,,
55,31.7737284,35.2019712,54@50@12,,,
56,31.7858219,35.1980384,57@29@8,797677@12@4,,
57,31.7856449,35.1982675,58@25@8,,,
58,31.7854882,35.1984704,59@13@8,,,
59,31.785405,35.1985772,60@27@8,596788@21@1,,
60,31.7852229,35.198777,596795@23@8,,,
61,31.7957107,35.2198643,62@118@8,7137@119@4,69@6@4,
62,31.7948769,35.2206425,63@170@8,51970@111@11,,
63,31.7936366,35.2217054,543208@1@8,698714@88@8,94911@79@8,
64,31.8016391,35.2057519,65@18@1,97@29@4,,
65,31.8016012,35.2055636,66@12@1,877548@36@4,,
66,31.8015617,35.2054413,67@17@1,,,
67,31.8014796,35.2052804,68@45@1,,,
68,31.8012671,35.2048636,877580@36@1,,,
69,31.7957351,35.2199248,70@118@4,7138@38@4,61@6@4,
70,31.7965671,35.219143,71@156@4,,,
71,31.7976431,35.2180809,72@15@4,,,
72,31.7977456,35.2179684,73@21@4,38496@27@11,1469@8@11,
73,31.7978871,35.2178153,74@80@4,,,
74,31.7984091,35.2172226,75@112@4,,,
75,31.7991443,35.2164097,76@97@4,,,
76,31.7996987,35.2156115,77@108@4,,,
77,31.8000181,35.2145261,78@79@4,,,
78,31.7999807,35.2136839,79@171@4,7122@8@8,865772@60@11,
79,31.7996239,35.2119198,80@76@4,,,
80,31.7995789,35.2111096,81@3@4,,,
81,31.7995823,35.2110744,82@46@4,94980@29@11,94979@11@11,
82,31.7996335,35.2105861,83@39@4,,,
83,31.7996959,35.2101801,84@57@4,,,
84,31.7998201,35.2095865,85@11@4,701499@13@9,,
85,31.7998413,35.2094681,86@41@4,,,
86,31.7999736,35.209055,87@21@4,698776@35@8,,
87,31.8000374,35.2088458,88@29@4,698780@14@8,,
88,31.8001385,35.2085538,89@7@4,,,
89,31.8001655,35.2084789,90@107@4,,,
90,31.8006045,35.2074682,91@23@4,,,
91,31.8007169,35.2072564,92@19@4,,,
92,31.8008079,35.2070849,93@27@4,,,
93,31.8009404,35.2068354,94@25@4,,,
94,31.801075,35.2066137,95@29@4,,,
95,31.8012282,35.2063592,96@48@4,,,
96,31.8014992,35.2059553,64@24@4,,,
97,31.8018044,35.2055117,98@35@4,,,
98,31.802029,35.2052474,99@66@4,,,
99,31.8024371,35.2047352,100@42@4,,,
100,31.8027228,35.2044306,877553@29@4,,,
101,31.8073123,35.2127358,102@133@3,894090@209@2,,
102,31.8076812,35.2113974,103@112@3,8265@136@3,,
103,31.8080044,35.2102706,104@207@3,,,
104,31.8085701,35.2081733,105@94@3,8241@36@1,,
105,31.8088254,35.2072207,106@69@3,,,
106,31.8089968,35.2065169,107@32@3,,,
107,31.8090538,35.2061773,108@27@3,,,
108,31.8090757,35.2058914,109@36@3,,,
109,31.8090866,35.2055046,110@19@3,,,
110,31.8090675,35.2052986,111@17@3,,,
111,31.8090497,35.2051146,112@22@3,,,
112,31.8090212,35.2048744,113@19@3,,,
113,31.8089986,35.2046664,114@12@3,544415@20@3,,
114,31.8089842,35.2045345,115@25@3,,,
115,31.8089513,35.2042658,116@12@3,,,
116,31.8089315,35.2041359,117@16@3,370@32@4,,
117,31.8089047,35.2039623,118@12@3,886248@17@4,,
118,31.8088555,35.2038427,119@12@3,,,
119,31.808761,35.20378,738226@9@3,,,
120,31.7750202,35.2042696,121@11@8,6932@38@8,935213@19@8,
121,31.7749336,35.2042103,122@9@8,120@11@8,477078@29@8,
122,31.7748592,35.2041593,123@7@8,121@9@8,,
123,31.7748129,35.2041079,124@23@8,122@7@8,,
124,31.7746727,35.2039265,125@21@8,123@23@8,,
125,31.7745796,35.2037325,126@14@8,124@21@8,,
126,31.7745593,35.2035821,127@12@8,125@14@8,,
127,31.7745796,35.2034492,128@12@8,126@12@8,,
128,31.7746251,35.2033313,52@22@8,127@12@8,,
129,31.7748711,35.2031168,130@13@8,52@13@8,,
130,31.7749809,35.2030458,131@35@8,129@13@8,,
131,31.7752509,35.2028484,132@31@8,130@35@8,,
132,31.7754917,35.2026768,133@21@8,131@31@8,,
133,31.7756157,35.2025051,134@35@8,132@21@8,,
134,31.7756887,35.202136,135@26@8,133@35@8,,
135,31.7756595,35.2018614,136@42@8,134@26@8,,
136,31.7756011,35.2014151,135@42@8,46098@54@8,882021@38@8,
137,31.7762071,35.2092462,138@32@6,935176@7@8,,
138,31.7765009,35.2092546,139@33@6,,,
139,31.7768055,35.2092705,140@36@6,,,
140,31.7771296,35.2092861,141@18@6,,,
141,31.7772919,35.2092939,142@29@6,,,
142,31.7775537,35.2092922,143@25@6,,,
143,31.7777866,35.2092741,144@95@6,,,
144,31.7786429,35.2092138,145@30@6,,,
145,31.7789163,35.2091772,146@48@6,,,
146,31.7793482,35.2091045,147@80@6,,,
147,31.7800661,35.2089816,148@24@6,,,
148,31.780285,35.2089343,149@73@6,879140@28@11,,
149,31.7809386,35.208793,150@67@6,,,
150,31.7815352,35.208692,151@20@6,,,
151,31.7817218,35.2086671,152@26@6,,,
152,31.7819578,35.2086357,153@59@6,,,
153,31.7824879,35.2085652,154@51@6,879129@21@7,,
154,31.7829518,35.2085117,155@10@6,879194@9@8,,
155,31.7830494,35.2084958,156@20@6,526443@12@8,,
156,31.7832344,35.2084657,157@4@6,,,
157,31.7832729,35.208458,158@9@6,,,
158,31.7833595,35.2084405,159@17@6,,,
159,31.7835125,35.2084076,160@21@6,,,
160,31.7837011,35.2083675,161@17@6,,,
161,31.7838539,35.2083264,162@19@6,,,
162,31.7840239,35.2082698,163@26@6,,,
163,31.7842517,35.2081939,164@12@6,,,
164,31.784361,35.2081456,165@23@6,,,
165,31.7845562,35.2080595,166@47@6,,,
166,31.7849584,35.2078789,167@25@6,,,
167,31.7851708,35.2077705,168@39@6,,,
168,31.7854914,35.2075955,169@105@6,,,
169,31.7863382,35.2070904,183@10@8,477163@32@8,539732@33@6,
170,31.7876566,35.2043193,171@33@6,184@25@8,759423@47@8,
171,31.787739,35.2046652,172@13@6,,,
172,31.7877162,35.2048087,173@12@6,,,
173,31.7876843,35.2049342,174@10@6,,,
174,31.7876464,35.2050329,175@50@6,,,
175,31.7874073,35.2054878,176@30@6,,,
176,31.7872456,35.2057533,177@61@6,,,
177,31.7869321,35.2062882,178@22@6,,,
178,31.7868156,35.2064829,179@14@6,,,
179,31.786732,35.2066041,180@13@6,,,
180,31.7866497,35.2067069,181@14@6,,,
181,31.7865544,35.2068072,182@13@6,,,
182,31.786454,35.2068949,183@17@6,,,
183,31.7863186,35.206984,169@10@8,538356@64@8,874803@107@6,
184,31.7878521,35.204464,185@113@8,170@25@8,884971@53@6,
185,31.7885713,35.2053217,186@15@8,184@113@8,,
186,31.7886782,35.2054252,185@15@8,7090@132@8,817664@39@8,538813@34@8
187,31.7891565,35.1993817,188@55@4,869549@19@4,,
188,31.7893346,35.1999258,189@13@4,187@55@4,,
189,31.7894075,35.200046,190@14@4,188@13@4,,
190,31.7895316,35.2001061,191@14@4,189@14@4,,
191,31.7896629,35.2001404,192@28@4,190@14@4,,
192,31.7899109,35.2002348,193@14@4,191@28@4,,
193,31.7900277,35.2003035,194@72@4,192@14@4,94934@45@11,
194,31.7904873,35.2008528,195@28@4,193@72@4,,
195,31.7906697,35.2010674,194@28@4,1446@49@11,869502@24@4,869559@156@11
196,31.7910511,35.2084395,197@38@8,7092@105@8,7093@60@8,759444@58@11
197,31.7909546,35.2088295,198@6@8,196@38@8,49583@127@11,
198,31.7909373,35.2088995,199@84@8,197@6@8,,
199,31.7907914,35.209775,200@55@8,198@84@8,,
200,31.7907137,35.2103559,201@13@8,199@55@8,94973@127@11,
201,31.7906953,35.2104937,202@19@8,200@13@8,538811@78@11,
202,31.7906674,35.2107019,203@78@8,201@19@8,,
203,31.7905215,35.2115173,204@62@8,202@78@8,,
204,31.7903391,35.2121439,205@98@8,203@62@8,,
205,31.7900327,35.2131224,206@101@8,204@98@8,,
206,31.7896628,35.2140982,207@30@8,205@101@8,,
207,31.7895512,35.2143927,208@88@8,206@30@8,873357@36@11,
208,31.7892252,35.2152409,209@14@8,207@88@8,,
209,31.7891718,35.2153797,210@11@8,208@14@8,,
210,31.7891448,35.2154995,211@29@8,209@11@8,,
211,31.7890766,35.215802,212@28@8,210@29@8,701422@71@11,
212,31.7890113,35.2160921,213@31@8,211@28@8,17910@27@11,51954@211@11
213,31.7889065,35.2164003,214@29@8,212@31@8,701425@55@11,
214,31.788807,35.2166929,215@69@8,213@29@8,94886@54@11,
215,31.7885998,35.2173892,216@73@8,214@69@8,,
216,31.7883825,35.2181197,217@29@8,215@73@8,853015@25@11,
217,31.7882963,35.2184095,216@29@8,8329@41@8,94891@124@11,348@16@8
218,31.7790173,35.2252211,219@29@8,353@99@8,219@29@8,864788@26@8
219,31.7788986,35.2249479,218@29@8,570043@19@8,663191@21@8,218@29@8
220,31.7766702,35.2223321,221@13@8,871819@6@8,871847@6@11,
221,31.7767468,35.2224423,222@24@8,464784@6@11,464783@16@11,
222,31.7769446,35.2225458,223@26@8,,,
223,31.7771635,35.2226595,224@30@8,,,
224,31.7774223,35.2227633,225@25@8,,,
225,31.7776398,35.2228403,226@6@8,801221@25@8,,
226,31.7776967,35.2228664,240@7@8,877505@10@8,,
227,31.7758551,35.2272408,228@11@8,2801@4@4,,
228,31.7758734,35.2271202,229@16@8,801232@9@4,,
229,31.7759189,35.2269566,230@14@8,,,
230,31.7759827,35.2268171,231@39@8,,,
231,31.7762244,35.226506,232@30@8,,,
232,31.7764068,35.2262699,233@28@8,,,
233,31.7765788,35.22604,234@18@8,,,
234,31.7766808,35.225892,235@38@8,,,
235,31.7769009,35.2255726,236@20@8,,,
236,31.777004,35.2253918,237@31@8,,,
237,31.7771339,35.2250938,238@83@8,,,
238,31.7773371,35.2242422,239@83@8,,,
239,31.7775419,35.2233878,226@52@8,,,
240,31.7777192,35.2227909,864774@10@8,801220@7@8,,
241,31.7839071,35.2371484,242@37@8,72176@45@4,72210@27@4,
242,31.7838751,35.2367516,243@56@8,241@37@8,,
243,31.7837511,35.2361765,244@28@8,242@56@8,,
244,31.7837025,35.235882,245@56@8,243@28@8,,
245,31.7836051,35.2352924,246@75@8,244@56@8,,
246,31.7834821,35.2345116,247@39@8,245@75@8,,
247,31.7834235,35.2340944,248@19@8,246@39@8,,
248,31.7834387,35.2338937,249@14@8,247@19@8,72118@21@11,
249,31.7834102,35.233744,250@11@8,248@14@8,,
250,31.7833633,35.2336412,251@8@8,249@11@8,872925@28@11,
251,31.7833065,35.2335842,252@31@8,250@8@8,,
252,31.7832039,35.2332754,253@47@8,251@31@8,,
253,31.782985,35.2328463,254@47@8,252@47@8,,
254,31.7828391,35.2323742,255@36@8,253@47@8,,
255,31.7828536,35.231988,256@55@8,254@36@8,38586@42@11,
256,31.7828026,35.2314043,257@24@8,255@55@8,,
257,31.7827468,35.2311492,258@28@8,256@24@8,38587@54@11,
258,31.7826207,35.2308809,259@66@8,257@28@8,,
259,31.782276,35.2303043,260@52@8,258@66@8,38576@13@11,
260,31.782,35.2298593,259@52@8,717876@7@8,,
261,31.7802703,35.2171338,262@14@11,7032@45@11,,
262,31.780404,35.2171509,263@29@11,,,
263,31.7806721,35.2171337,42@36@11,,,
264,31.7713106,35.2266235,265@5@4,862784@28@4,663136@17@8,
265,31.7713335,35.2266802,266@5@4,264@5@4,,
266,31.7713714,35.2267164,267@16@4,265@5@4,,
267,31.7715168,35.2267716,268@24@4,266@16@4,,
268,31.7717368,35.2267889,269@74@4,267@24@4,,
269,31.7724082,35.2268081,270@55@4,268@74@4,,
270,31.772909,35.2267688,271@57@4,269@55@4,,
271,31.7734243,35.2267795,272@28@4,270@57@4,,
272,31.7736785,35.2268038,273@20@4,271@28@4,,
273,31.7738498,35.2268811,274@37@4,272@20@4,,
274,31.7741677,35.2269995,275@16@4,273@37@4,,
275,31.7743045,35.2270639,276@22@4,274@16@4,,
276,31.7744963,35.2271487,277@12@4,275@22@4,,
277,31.774608,35.2271774,278@10@4,276@12@4,,
278,31.7746989,35.2271768,277@10@4,301@23@4,,
279,31.7807368,35.2184194,280@68@11,,,
280,31.7801248,35.2183925,7035@27@11,,,
281,32.0986648,34.8021513,282@140@0,,,
282,32.0974214,34.8018681,283@283@0,,,
283,32.0949217,34.8012933,284@315@0,,,
284,32.092137,34.8006345,285@209@0,869985@160@1,,
285,32.0902864,34.800194,47172@34@0,,,
286,31.778991,35.2178923,287@10@11,,,
287,31.7790047,35.217785,288@15@11,,,
288,31.779027,35.2176249,289@47@11,,,
289,31.7790867,35.2171252,290@30@11,,,
290,31.7791369,35.2168087,291@13@11,535315@74@11,536353@6@11,
291,31.779164,35.2166642,292@10@11,,,
292,31.7792096,35.2165634,293@2@11,,,
293,31.7792146,35.2165407,294@19@11,,,
294,31.7793143,35.216367,295@3@11,,,
295,31.7793302,35.2163393,296@18@11,,,
296,31.7793711,35.2161478,297@35@11,,,
297,31.7793576,35.2157745,652@24@11,732769@70@11,732775@158@11,
298,31.7715221,35.2238942,299@63@11,319@134@11,325@31@11,
299,31.7720871,35.2239885,300@64@11,298@63@11,,
300,31.7726549,35.2241175,299@64@11,,,
301,31.774912,35.2272022,302@15@11,813521@52@4,,
302,31.7749503,35.2273544,303@7@11,301@15@11,,
303,31.7749796,35.2274283,304@6@11,302@7@11,,
304,31.7750111,35.2274896,305@10@11,303@6@11,,
305,31.7751027,35.2275247,306@20@11,304@10@11,,
306,31.7752487,35.227393,307@11@11,305@20@11,,
307,31.7753362,35.2273373,308@15@11,306@11@11,,
308,31.7754751,35.2273314,309@27@11,307@15@11,,
309,31.7757255,35.2273461,310@30@11,308@27@11,,
310,31.7759991,35.2273998,311@28@11,309@30@11,,
311,31.7762545,35.2274534,312@18@11,310@28@11,,
312,31.7764094,35.2275226,313@9@11,311@18@11,,
313,31.77648,35.2275813,312@9@11,19212@10@11,,
314,31.7746095,35.2342183,315@26@11,7957@56@8,872995@14@12,880917@32@8
315,31.7748456,35.2341754,316@11@11,314@26@11,,
316,31.7749463,35.2341517,317@29@11,315@11@11,,
317,31.7752106,35.2340984,318@10@11,316@29@11,,
318,31.775297,35.2340649,317@10@11,880944@9@11,,
319,31.7704276,35.2244864,320@9@11,298@134@11,,
320,31.7703546,35.2245465,321@9@11,319@9@11,,
321,31.77034,35.2246495,322@11@11,320@9@11,,
322,31.7703911,35.2247525,323@17@11,321@11@11,537604@25@11,
323,31.7705492,35.2247225,324@34@11,322@17@11,,
324,31.7708495,35.2246389,323@34@11,536323@33@11,,
325,31.7715628,35.2235661,326@68@11,298@31@11,,
326,31.7716263,35.2228476,325@68@11,871837@45@8,871953@80@8,871941@11@8
327,31.7786585,35.2243349,328@85@11,663193@23@8,663192@22@8,
328,31.7791078,35.2236001,329@6@11,,,
329,31.7791427,35.2235444,330@76@11,,,
330,31.7795523,35.222888,331@36@11,535087@31@11,,
331,31.7797245,35.2225554,332@84@11,,,
332,31.780107,35.2217877,34@15@11,,,
333,31.7836429,35.2218047,334@24@11,622252@11@8,622251@12@8,
334,31.7834416,35.2219104,335@7@11,,,
335,31.7833771,35.2219219,874643@2@11,874642@2@11,,
336,31.7819042,35.2214034,337@96@11,535083@46@11,,
337,31.7826071,35.2208053,536763@35@11,536767@33@11,,
338,31.7847462,35.2175727,339@136@11,340@33@11,535940@61@8,1239@112@8
339,31.7837248,35.2167694,338@136@11,,,
340,31.7850478,35.217545,341@59@11,338@33@11,853424@67@11,
341,31.7855797,35.217496,342@64@11,340@59@11,,
342,31.7861574,35.2175577,343@91@11,341@64@11,,
343,31.7869224,35.2179011,344@15@11,342@91@11,853426@47@11,
344,31.7870544,35.2179604,345@4@11,343@15@11,49605@34@11,
345,31.7870914,35.2179783,346@62@11,344@4@11,,
346,31.7876184,35.2182136,347@30@11,345@62@11,,
347,31.7878728,35.2183278,348@33@11,346@30@11,,
348,31.7881504,35.2184524,347@33@11,217@16@8,622245@18@8,
349,31.7864505,35.2152509,350@51@11,693936@105@11,1243@40@11,
350,31.7861574,35.2156695,351@61@11,,,
351,31.7861574,35.2163158,352@53@11,852997@24@11,,
352,31.7861574,35.216879,342@64@11,,,
353,31.7795029,35.2261074,354@52@8,218@99@8,19201@5@11,
354,31.779759,35.2265748,355@66@8,353@52@8,874004@6@11,
355,31.7800964,35.2271614,354@66@8,926885@35@8,,
356,31.799884,35.2328075,357@14@4,713148@10@5,,
357,31.7997606,35.2327468,358@23@4,925471@17@5,,
358,31.7995655,35.2326471,359@33@4,,,
359,31.7992948,35.2325027,360@36@4,,,
360,31.7990069,35.2323114,361@21@4,,,
361,31.7988579,35.2321704,362@22@4,,,
362,31.7987005,35.2320215,363@28@4,,,
363,31.7985054,35.2318222,364@141@4,,,
364,31.7976262,35.2307392,622282@9@4,927193@10@8,,
365,31.8079368,35.2041771,366@20@4,,,
366,31.8081209,35.2041654,367@8@4,8384@22@3,,
367,31.8081934,35.2041608,368@28@4,,,
368,31.8084535,35.204157,369@33@4,,,
369,31.8087546,35.204143,116@19@4,,,
370,31.8092203,35.2041077,371@4@4,,,
371,31.80926,35.2041009,372@22@4,,,
372,31.8094569,35.2040672,373@23@4,,,
373,31.8096652,35.2040199,374@32@4,,,
374,31.80995,35.2039452,375@37@4,,,
375,31.8102705,35.2038111,376@29@4,,,
376,31.8105148,35.2036952,736986@44@4,,,
377,31.8213456,35.1931904,378@39@11,95843@52@11,95842@67@11,
378,31.8216956,35.1932762,379@44@11,377@39@11,,
379,31.8220967,35.1932762,380@57@11,378@44@11,,
380,31.8226072,35.1933792,381@53@11,379@57@11,,
381,31.8230813,35.1934479,382@53@11,380@53@11,,
382,31.8235553,35.1933792,383@60@11,381@53@11,,
383,31.8240148,35.1930359,384@59@11,382@60@11,,
384,31.8243575,35.1925467,385@72@11,383@59@11,,
385,31.8246857,35.1918858,386@54@11,384@72@11,,
386,31.8249409,35.191388,387@44@11,385@54@11,,
387,31.824992,35.1909159,388@22@11,386@44@11,,
388,31.8250139,35.1906841,389@34@11,387@22@11,,
389,31.8249191,35.1903408,390@30@11,388@34@11,,
390,31.8247003,35.1901434,391@8@11,389@30@11,,
391,31.8246273,35.1901177,390@8@11,95852@49@11,95851@51@11,
392,31.8153939,35.1958621,393@10@8,96098@29@11,918218@62@4,
393,31.8154115,35.1959738,394@42@8,392@10@8,918054@95@4,
394,31.8154818,35.1964176,395@37@8,393@42@8,,
395,31.8153724,35.1967953,396@53@8,394@37@8,,
396,31.8150807,35.1972502,397@38@8,395@53@8,,
397,31.8148473,35.1975506,398@48@8,396@38@8,,
398,31.8146795,35.1980227,399@48@8,397@48@8,,
399,31.8146795,35.1985377,400@39@8,398@48@8,,
400,31.8148254,35.1989239,401@34@8,399@39@8,407@33@11,95893@473@11
401,31.8150807,35.1991385,402@57@8,400@34@8,,
402,31.8155037,35.1994818,403@53@8,401@57@8,,
403,31.8158683,35.1998509,404@44@8,402@53@8,,
404,31.8161017,35.2002285,405@82@8,403@44@8,,
405,31.816419,35.2010143,406@181@8,404@82@8,856698@35@11,
406,31.8171228,35.2027434,405@181@8,95894@26@11,476804@48@8,908820@142@8
407,31.8146868,35.1992415,408@46@11,400@33@11,,
408,31.8148546,35.1996964,409@41@11,407@46@11,95946@17@11,
409,31.8150515,35.200074,410@24@11,408@41@11,,
410,31.8150886,35.2003252,411@13@11,409@24@11,856724@22@11,
411,31.8151098,35.2004688,412@46@11,410@13@11,,
412,31.814964,35.2009323,413@66@11,411@46@11,,
413,31.8146358,35.201516,414@64@11,412@66@11,,
414,31.8142346,35.2020138,415@170@11,413@64@11,,
415,31.8130312,35.2031296,416@57@11,414@170@11,,
416,31.8127613,35.2036446,417@58@11,415@57@11,,
417,31.8127175,35.2042626,418@53@11,416@58@11,,
418,31.8129218,35.2047775,419@49@11,417@53@11,,
419,31.8131948,35.2051865,420@23@11,418@49@11,95967@143@11,
420,31.8133229,35.2053784,421@83@11,419@23@11,,
421,31.8139084,35.2059296,422@62@11,420@83@11,95968@13@11,
422,31.814344,35.2063397,423@49@11,421@62@11,,
423,31.8147816,35.2062796,422@49@11,856704@59@11,856703@39@11,
424,31.7752693,35.2177647,425@14@8,427@15@8,732770@17@8,
425,31.7752154,35.2176246,426@29@8,,,
426,31.7751071,35.2173435,622223@41@8,,,
427,31.7751286,35.2177773,428@14@8,871952@5@8,,
428,31.7750134,35.2178497,429@118@8,622222@5@8,,
429,31.7742222,35.2186811,430@1@8,,,
430,31.7742218,35.2186815,431@3@8,,,
431,31.7741986,35.2187092,432@7@8,537813@9@11,538376@28@11,
432,31.7741527,35.2187639,433@22@8,,,
433,31.7740059,35.2189299,434@37@8,,,
434,31.773771,35.2192149,435@6@8,,,
435,31.7737331,35.2192608,436@1@8,,,
436,31.7737361,35.2192572,437@30@8,49423@8@11,,
437,31.7735401,35.2194886,438@16@8,,,
438,31.7734415,35.2196205,439@29@8,,,
439,31.7732788,35.2198691,440@1@8,,,
440,31.7732696,35.2198827,441@6@8,,,
441,31.7732344,35.2199323,442@29@8,696@24@11,,
442,31.7730706,35.2201777,443@16@8,,,
443,31.7729877,35.2203198,444@54@8,,,
444,31.7727136,35.2207928,445@14@8,690@8@11,689@29@11,
445,31.7726318,35.2209184,446@21@8,491@24@9,,
446,31.7725198,35.2210993,447@58@8,,,
447,31.7722168,35.221608,783080@82@8,871938@8@8,,
448,31.7700847,35.2114692,449@25@8,774421@81@8,,
449,31.770167,35.2117179,450@10@8,448@25@8,,
450,31.7702211,35.2118117,451@12@8,449@10@8,,
451,31.7703089,35.2119007,452@18@8,450@12@8,,
452,31.7704384,35.2120268,453@17@8,451@18@8,,
453,31.7705625,35.2121343,454@58@8,452@17@8,,
454,31.7709793,35.2125128,455@44@8,453@58@8,,
455,31.7712999,35.2127942,456@29@8,454@44@8,,
456,31.7715036,35.212998,457@47@8,455@29@8,,
457,31.771816,35.2133445,458@43@8,456@47@8,,
458,31.7721005,35.2136646,457@43@8,6987@13@11,536539@12@11,541859@121@8
459,31.7740237,35.2170256,460@9@8,,,
460,31.7740911,35.2170904,461@11@8,,,
461,31.774177,35.2171609,462@39@8,49396@54@11,,
462,31.7744615,35.2174118,463@45@8,,,
463,31.7748015,35.2176781,426@46@11,428@28@8,,
464,31.7728597,35.2170845,465@81@11,49398@21@11,,
465,31.7728602,35.2162176,464@81@11,591@119@11,877518@16@11,
466,31.7746658,35.215309,467@46@11,536528@46@8,,
467,31.7742614,35.2154462,468@40@11,,,
468,31.773918,35.2155825,469@10@11,627@24@11,874674@72@11,
469,31.7738373,35.2156348,470@39@11,,,
470,31.7735395,35.2158574,538380@104@8,662607@36@8,877516@55@11,
471,31.7767908,35.2126718,472@110@11,647@45@11,538340@53@11,739@41@11
472,31.7758078,35.2128286,473@3@11,,,
473,31.7757784,35.2128322,474@12@11,743669@13@11,,
474,31.7756665,35.212846,475@86@11,,,
475,31.7748971,35.2129761,476@57@11,,,
476,31.774385,35.2130195,477@35@11,49533@133@8,632@103@8,
477,31.7740674,35.213037,478@45@11,,,
478,31.7736619,35.2130571,874671@13@11,538384@6@11,,
479,31.7769088,35.2203252,480@65@11,871813@43@8,871812@33@8,
480,31.7773421,35.2198493,481@15@11,479@65@11,,
481,31.7774527,35.2197517,482@21@11,480@15@11,,
482,31.7776047,35.2196176,483@29@11,481@21@11,,
483,31.7778382,35.2194631,484@24@11,482@29@11,,
484,31.7780498,35.2193944,485@18@11,483@24@11,,
485,31.7782176,35.2193944,486@65@11,484@18@11,,
486,31.7788013,35.2194545,487@14@11,485@65@11,,
487,31.7789287,35.2194654,488@97@11,486@14@11,,
488,31.7798061,35.2195403,487@97@11,49621@24@11,,
489,31.7725978,35.2182976,490@54@11,49420@79@11,538377@53@11,
490,31.7724333,35.2188436,700@22@11,,,
491,31.7724926,35.2211215,492@13@9,,,
492,31.7724014,35.2212127,493@12@9,,,
493,31.7723011,35.2212609,494@11@9,,,
494,31.7722003,35.2212808,495@12@9,,,
495,31.7720863,35.2212754,496@16@9,,,
496,31.7719362,35.2212448,497@28@9,,,
497,31.7716944,35.2211539,498@28@9,,,
498,31.771448,35.221079,783081@13@8,,,
499,31.7709295,35.216892,500@11@8,49411@6@8,49410@4@8,
500,31.7708323,35.2169323,501@11@8,,,
501,31.7707341,35.2169709,682@35@8,873483@13@8,,
502,31.7710377,35.2185103,503@71@11,49416@46@8,694@46@8,
503,31.7703978,35.2184919,504@61@11,682@144@11,681@120@11,
504,31.7698462,35.2184603,505@26@11,509@80@11,508@144@11,
505,31.7696091,35.2184468,506@7@11,,,
506,31.7695452,35.2184432,507@88@11,,,
507,31.7687533,35.2184104,526@98@11,,,
508,31.769861,35.2169362,504@144@11,873482@81@8,682@62@8,
509,31.7698627,35.2193114,510@42@11,504@80@11,880702@53@11,
510,31.7698713,35.2197555,511@16@11,509@42@11,681@56@11,
511,31.7698775,35.2199339,512@115@11,510@16@11,880701@56@11,
512,31.7699199,35.2211544,511@115@11,783088@48@8,,
513,31.7689724,35.2174196,514@85@11,522@14@11,,
514,31.7694825,35.2180912,515@9@11,,,
515,31.7695372,35.218166,516@10@11,,,
516,31.7695828,35.2182679,517@6@11,,,
517,31.7695981,35.2183326,518@5@11,,,
518,31.7696056,35.218386,505@5@11,,,
519,31.7690326,35.2169574,520@13@11,880674@2@8,,
520,31.7690164,35.2171012,521@20@11,,,
521,31.7689936,35.2173158,513@10@11,,,
522,31.7689398,35.2175655,523@24@11,,,
523,31.7688805,35.2178122,524@33@11,,,
524,31.7687893,35.2181553,525@14@11,,,
525,31.7687619,35.2183001,507@10@11,,,
526,31.7687859,35.2194468,527@35@11,,,
527,31.7687756,35.2198236,528@18@11,,,
528,31.7687665,35.2200221,663112@7@11,880686@9@11,,
529,31.7679713,35.220193,530@49@11,663106@7@11,663105@7@11,864741@18@11
530,31.7679773,35.2196679,531@112@11,529@49@11,,
531,31.7679134,35.2184825,532@20@11,530@112@11,,
532,31.767918,35.2182679,533@13@11,531@20@11,,
533,31.7679271,35.2181231,534@13@11,532@13@11,,
534,31.7679453,35.2179839,535@11@11,533@13@11,,
535,31.7679681,35.2178605,536@19@11,534@11@11,,
536,31.768006,35.2176642,535@19@11,537@103@11,,
537,31.7682316,35.2165979,538@30@8,536@103@11,880685@91@8,
538,31.7682967,35.2162831,539@40@8,,,
539,31.7684061,35.2158736,540@6@8,,,
540,31.7684235,35.2158084,541@34@8,,,
541,31.7685248,35.2154677,542@19@8,,,
542,31.7685795,35.2152692,543@19@8,,,
543,31.7686342,35.2150761,544@12@8,,,
544,31.7686639,35.2149463,545@11@8,,,
545,31.7686844,35.214824,546@26@8,,,
546,31.7687209,35.2145504,547@22@8,,,
547,31.7687528,35.2143197,548@8@8,,,
548,31.7687574,35.2142339,549@9@8,,,
549,31.7687574,35.214132,550@10@8,,,
550,31.7687528,35.2140247,551@9@8,,,
551,31.7687323,35.2139257,552@9@8,880711@18@8,,
552,31.7687118,35.2138262,553@17@8,,,
553,31.768621,35.2136753,1312@32@8,801818@18@8,864744@111@8,
554,31.7679859,35.2110773,555@9@11,590@71@11,,
555,31.7679914,35.2111813,556@5@11,,,
556,31.7680021,35.2112428,557@9@11,,,
557,31.7680416,35.2113262,558@8@11,,,
558,31.7680842,35.2113983,559@5@11,,,
559,31.7681238,35.2114379,560@4@11,,,
560,31.7681576,35.2114716,561@10@11,,,
561,31.7682379,35.2115392,562@19@11,,,
562,31.7683807,35.2116666,563@40@11,,,
563,31.7686419,35.2119603,564@4@11,,,
564,31.7686734,35.2119958,565@5@11,,,
565,31.7687016,35.2120382,566@6@11,,,
566,31.7687394,35.2120948,567@26@11,,,
567,31.7688851,35.2123134,568@67@11,,,
568,31.7692226,35.2129035,569@6@11,,,
569,31.7692399,35.2129706,570@5@11,,,
570,31.7692454,35.2130323,571@6@11,,,
571,31.7692271,35.213102,1316@5@8,1315@5@8,,
572,31.7708929,35.2132392,573@34@11,536534@100@11,,
573,31.7706509,35.213013,574@57@11,,,
574,31.7702526,35.2126217,575@36@11,,,
575,31.7699917,35.2123905,576@11@11,,,
576,31.769898,35.212328,577@11@11,,,
577,31.7698038,35.212287,578@14@11,,,
578,31.7696795,35.2122612,579@6@11,,,
579,31.7696212,35.2122436,580@17@11,,,
580,31.7694615,35.212219,581@51@11,7010@26@11,,
581,31.7691623,35.2117984,582@30@11,,,
582,31.7689886,35.2115507,583@5@11,,,
583,31.7689559,35.2115041,584@6@11,,,
584,31.7689215,35.2114551,585@21@11,,,
585,31.7687679,35.2113112,586@35@11,,,
586,31.7684876,35.211125,587@10@11,,,
587,31.7684005,35.2110722,588@13@11,,,
588,31.7682826,35.2110464,589@11@11,,,
589,31.7681763,35.2110521,554@21@11,,,
590,31.7673581,35.2112594,864753@30@8,864752@21@8,,
591,31.7724914,35.2150257,592@246@11,541859@53@11,,
592,31.7704322,35.2140486,593@15@11,,,
593,31.770301,35.2139864,594@9@11,,,
594,31.7702243,35.21395,1320@77@8,6995@15@8,,
595,31.773189,35.2139989,596@28@11,663097@30@11,752668@18@11,
596,31.7730084,35.2137925,597@9@11,,,
597,31.7729532,35.2137129,598@10@11,,,
598,31.7729121,35.2136163,599@10@11,,,
599,31.7728848,35.2135144,600@9@11,,,
600,31.7728711,35.2134125,601@10@11,,,
601,31.7728711,35.2133052,602@17@11,,,
602,31.7728893,35.2131228,603@59@11,,,
603,31.7729395,35.2125008,604@5@11,,,
604,31.7729451,35.2124452,605@3@11,,,
605,31.7729486,35.2124096,606@10@11,,,
606,31.7729441,35.2122969,607@8@11,,,
607,31.7729359,35.2122099,608@9@11,,,
608,31.7729121,35.2121092,609@13@11,,,
609,31.7728711,35.2119804,610@9@11,,,
610,31.7728346,35.2118946,611@14@11,,,
611,31.7727617,35.2117658,612@12@11,,,
612,31.7727024,35.2116532,613@8@11,,,
613,31.7726568,35.2115835,614@5@11,,,
614,31.7726203,35.2115405,615@35@11,,,
615,31.7723922,35.211283,616@8@11,,,
616,31.7723375,35.2112133,617@8@11,,,
617,31.7722919,35.2111436,618@5@11,,,
618,31.7722737,35.2110899,619@6@11,,,
619,31.7722646,35.2110256,620@7@11,,,
620,31.7722691,35.2109505,621@10@11,,,
621,31.7723056,35.2108485,622@10@11,,,
622,31.7723463,35.2107528,623@4@11,874856@8@11,,
623,31.7723649,35.2107091,624@18@11,,,
624,31.772431,35.2105293,625@10@11,,,
625,31.7724709,35.2104266,626@9@11,,,
626,31.7725122,35.2103368,6937@14@11,,,
627,31.7739335,35.2158448,459@112@11,,,
628,31.7769368,35.2153013,629@96@11,725@17@11,,
629,31.7760787,35.215168,630@53@11,648@60@11,538331@40@11,
630,31.7755969,35.2151673,631@31@11,,,
631,31.775313,35.2151669,466@73@11,538299@21@11,,
632,31.7744949,35.2141015,633@14@11,536529@36@8,752663@14@11,476@103@8
633,31.7746226,35.2140983,634@24@11,,,
634,31.7748413,35.2140568,635@39@11,,,
635,31.7751893,35.2139516,636@13@11,475@97@11,,
636,31.775311,35.2139173,637@12@11,,,
637,31.7754159,35.2138797,638@9@11,,,
638,31.7755025,35.2138529,639@14@11,,,
639,31.7756265,35.2138004,640@8@11,,,
640,31.7756995,35.2137695,641@25@11,,,
641,31.7759171,35.2136709,642@15@11,538338@29@11,,
642,31.7760452,35.2136117,643@17@11,,,
643,31.7761877,35.2135328,644@19@11,,,
644,31.7763387,35.2134253,645@22@11,,,
645,31.7765202,35.2133091,646@14@11,,,
646,31.7766381,35.2132362,647@16@11,,,
647,31.776768,35.213152,471@45@11,538318@26@11,,
648,31.7760433,35.2158067,649@12@11,,,
649,31.7760141,35.2159354,650@72@11,,,
650,31.7753647,35.2160212,651@68@11,631@80@11,,
651,31.7747526,35.2161295,466@78@8,,,
652,31.7793434,35.2155168,653@51@11,,,
653,31.7793133,35.2149722,654@9@11,,,
654,31.7793026,35.2148736,655@22@11,,,
655,31.7792773,35.2146409,6988@85@11,732784@11@8,732783@17@8,
656,31.7805951,35.2150363,657@11@11,536333@30@8,771843@54@8,
657,31.7805429,35.2151439,658@15@11,,,
658,31.780517,35.2153011,659@31@11,,,
659,31.7804989,35.2156307,660@19@11,,,
660,31.78047,35.2158311,7031@58@11,536329@83@11,732769@54@11,
661,31.77912,35.2137037,662@136@11,6989@35@11,,
662,31.7803341,35.2134715,663@7@11,,,
663,31.7804025,35.2134719,664@2@11,,,
664,31.7804276,35.2134721,665@13@11,,,
665,31.7805439,35.2135083,666@25@11,,,
666,31.7807622,35.2136034,667@8@11,879156@18@11,,
667,31.7808337,35.2136342,879178@26@11,,,
668,31.7743088,35.2110248,669@40@11,49527@14@11,874761@30@8,49533@55@8
669,31.7739418,35.2110602,670@45@11,,,
670,31.7735306,35.2110985,671@26@11,874673@98@11,,
671,31.7732997,35.2110173,672@57@11,,,
672,31.7728327,35.2107512,624@49@11,,,
673,31.7787576,35.2229392,674@10@11,,,
674,31.7787816,35.2230422,675@9@11,,,
675,31.7787907,35.2231441,676@9@11,,,
676,31.7787771,35.223246,677@6@11,,,
677,31.778755,35.2233052,678@29@11,,,
678,31.7785976,35.2235537,679@20@11,,,
679,31.7784949,35.2237288,663193@36@8,871838@21@8,,
680,31.770361,35.2211217,681@127@11,512@49@8,,
681,31.7703799,35.2197691,503@120@11,680@127@11,541858@67@11,
682,31.7704193,35.2169588,503@144@11,508@62@8,501@35@8,
683,31.7709758,35.2201056,684@73@11,873452@4@8,873440@34@8,
684,31.7716365,35.2201167,685@20@11,683@73@11,,
685,31.7718196,35.2201642,686@8@11,684@20@11,,
686,31.7718957,35.220188,687@33@11,685@8@11,,
687,31.7721682,35.2203401,688@21@11,686@33@11,,
688,31.772324,35.2204683,689@23@11,687@21@11,,
689,31.7724971,35.2206121,444@29@11,688@23@11,,
690,31.7727742,35.2208424,444@8@11,871945@54@8,,
691,31.7718767,35.2190834,692@10@11,706@14@11,,
692,31.7717809,35.2190619,693@13@11,691@10@11,,
693,31.7716578,35.2190459,694@70@11,692@13@11,,
694,31.7710235,35.2190009,693@70@11,502@46@8,873453@49@8,
695,31.7733032,35.2199836,441@9@11,871946@6@8,,
696,31.7730542,35.2197851,697@18@11,,,
697,31.7729205,35.2196733,698@5@11,,,
698,31.7728809,35.2196402,699@28@11,,,
699,31.7726602,35.2194777,717@29@11,,,
700,31.772242,35.2187825,701@10@11,,,
701,31.7721458,35.2187615,702@5@11,,,
702,31.7720956,35.2187615,703@7@11,,,
703,31.7720318,35.2187884,704@6@11,,,
704,31.7719907,35.2188366,705@6@11,,,
705,31.7719542,35.2188903,691@20@11,,,
706,31.7718514,35.2192312,707@7@11,,,
707,31.7718539,35.2193141,708@3@11,,,
708,31.7718661,35.2193498,709@4@11,,,
709,31.7718813,35.2193945,710@7@11,,,
710,31.771936,35.2194375,711@11@11,,,
711,31.7720318,35.2194804,712@20@11,,,
712,31.7722051,35.2195608,713@24@11,,,
713,31.7724057,35.2196628,714@8@11,,,
714,31.7724787,35.2196628,715@7@11,,,
715,31.7725426,35.2196467,716@8@11,,,
716,31.7725982,35.2195914,699@12@11,,,
717,31.7727751,35.2192014,718@7@11,,,
718,31.7727706,35.2191263,719@8@11,,,
719,31.7727295,35.2190459,720@9@11,,,
720,31.7726703,35.2189761,490@29@11,,,
721,31.7772531,35.2162821,722@16@11,732772@8@8,732771@194@8,
722,31.7771848,35.2161221,723@31@11,721@16@11,,
723,31.7770563,35.2158213,724@28@11,722@31@11,,
724,31.7769883,35.2155253,725@4@11,723@28@11,,
725,31.7769787,35.2154836,628@17@11,724@4@11,,
726,31.7781621,35.2125008,727@28@11,6994@109@11,538341@61@11,
727,31.7781592,35.2121988,728@32@11,726@28@11,735@30@11,
728,31.7781559,35.2118541,729@22@11,727@32@11,536388@113@11,
729,31.7781536,35.211611,730@24@11,728@22@11,,
730,31.778151,35.2113479,731@2@11,729@24@11,,
731,31.7781508,35.2113171,732@28@11,730@2@11,,
732,31.7781479,35.211018,733@32@11,731@28@11,538422@30@11,
733,31.7781446,35.2106721,734@40@11,732@32@11,538317@60@11,
734,31.7781397,35.2102454,733@40@11,,,
735,31.7778837,35.2122046,736@30@11,,,
736,31.7776104,35.2122127,737@32@11,,,
737,31.7773157,35.2122205,738@28@11,538438@55@11,,
738,31.7770588,35.2122232,739@29@11,,,
739,31.7767925,35.2122339,622226@5@11,471@41@11,,
740,31.7795955,35.2113103,741@26@11,536337@26@11,864771@18@11,
741,31.7793628,35.211337,742@33@11,,,
742,31.7790741,35.2114211,536387@33@11,,,
743,31.7803243,35.2111704,744@51@11,536339@75@11,537990@39@11,
744,31.7805533,35.210695,745@110@11,,,
745,31.7810587,35.2096865,746@17@11,864768@74@11,,
746,31.7811216,35.2095153,536336@154@11,536392@35@11,,
747,31.9114133,35.2717516,748@43@11,376574@3@11,376552@41@11,
748,31.9116381,35.2721324,749@57@11,747@43@11,376561@58@11,376560@79@11
749,31.9118874,35.272662,750@33@11,748@57@11,376558@41@11,
750,31.9120129,35.2729829,749@33@11,376518@7@11,853@26@11,
751,31.9115973,35.2705173,752@40@11,461265@20@11,758@12@11,
752,31.911233,35.2705087,753@44@11,751@40@11,,
753,31.9108396,35.2704487,754@27@11,752@44@11,763@33@11,
754,31.9105991,35.2705259,755@24@11,753@27@11,,
755,31.9104461,35.2707147,756@31@11,754@24@11,376557@40@11,
756,31.9103514,35.2710323,757@42@11,755@31@11,,
757,31.9103077,35.2714786,756@42@11,762@27@11,376619@104@11,
758,31.9116589,35.2706268,759@20@11,381105@131@11,751@12@11,
759,31.9115244,35.2707748,760@37@11,758@20@11,,
760,31.9112476,35.2710066,761@65@11,759@37@11,,
761,31.9107594,35.2714014,762@31@11,760@65@11,,
762,31.9105336,35.2715988,761@31@11,757@27@11,,
763,31.9107813,35.2701053,764@35@11,753@33@11,,
764,31.910774,35.2697277,765@52@11,763@35@11,,
765,31.910723,35.2691784,766@47@11,764@52@11,,
766,31.9107376,35.2686805,767@9@11,765@47@11,,
767,31.9107521,35.2685776,768@25@11,766@9@11,780@23@11,
768,31.9107594,35.2683115,769@28@11,767@25@11,780@24@11,
769,31.9108104,35.2680111,770@35@11,768@28@11,,
770,31.9108541,35.2676334,771@25@11,769@35@11,,
771,31.9108469,35.2673588,772@29@11,770@25@11,,
772,31.9107667,35.2670583,773@30@11,771@29@11,381593@27@11,
773,31.9106647,35.2667579,774@33@11,772@30@11,,
774,31.9105554,35.2664232,775@15@11,773@33@11,,
775,31.9104752,35.2662863,774@15@11,790@13@11,42413@65@8,376271@110@11
776,31.9093532,35.269187,777@46@11,818@25@11,817@20@11,
777,31.9096738,35.2688694,778@26@11,776@46@11,,
778,31.9098633,35.2687063,779@40@11,777@26@11,,
779,31.9101766,35.2684917,780@43@11,778@40@11,,
780,31.91057,35.2684488,779@43@11,767@23@11,768@24@11,
781,31.9121802,35.2680454,782@9@11,461268@86@11,461271@54@11,
782,31.9122194,35.267959,783@44@11,781@9@11,376253@106@11,
783,31.912406,35.2675476,784@26@11,782@44@11,,
784,31.9125226,35.2673073,785@37@11,783@26@11,,
785,31.9125663,35.2669124,786@30@11,784@37@11,,
786,31.9125809,35.2665949,787@31@11,785@30@11,,
787,31.912712,35.2662945,788@69@11,786@31@11,,
788,31.9129452,35.2656164,789@51@11,787@69@11,,
789,31.912768,35.2651126,788@51@11,376270@78@11,376269@6@11,
790,31.9103951,35.2663889,791@23@11,775@13@11,,
791,31.9102276,35.2665434,792@31@11,790@23@11,,
792,31.910009,35.2667579,793@31@11,791@31@11,,
793,31.909754,35.2669124,794@27@11,792@31@11,,
794,31.9095208,35.2670069,795@27@11,793@27@11,,
795,31.9092731,35.2670583,796@12@11,794@27@11,,
796,31.9091638,35.2670583,797@27@11,795@12@11,811@17@11,
797,31.9089161,35.2670498,798@33@11,796@27@11,,
798,31.9086173,35.2670412,799@38@11,797@33@11,,
799,31.9082895,35.2671785,800@27@11,798@38@11,,
800,31.9080778,35.2673372,801@3@11,799@27@11,461288@59@8,
801,31.908049,35.2673588,802@22@11,800@3@11,,
802,31.9078887,35.2674961,803@13@11,801@22@11,381014@42@11,
803,31.9078304,35.2676248,804@13@11,802@13@11,,
804,31.9078232,35.2677707,805@18@11,803@13@11,,
805,31.9078377,35.2679682,806@21@11,804@18@11,,
806,31.9080053,35.2680797,807@23@11,805@21@11,,
807,31.908202,35.2681741,808@24@11,806@23@11,,
808,31.9083696,35.2683458,809@30@11,807@24@11,,
809,31.9086173,35.2684746,810@16@11,808@30@11,,
810,31.9087631,35.2684746,809@16@11,815@21@11,814@16@11,
811,31.9090618,35.2672043,812@26@11,796@17@11,,
812,31.9089306,35.267436,813@33@11,811@26@11,,
813,31.9088286,35.2677707,814@51@11,812@33@11,,
814,31.9087339,35.2683029,810@16@11,813@51@11,,
815,31.9089015,35.2686291,816@35@11,810@21@11,,
816,31.9090618,35.2689552,817@22@11,815@35@11,,
817,31.9091711,35.2691526,818@26@11,816@22@11,776@20@11,
818,31.9092367,35.2694187,819@15@11,817@26@11,776@25@11,
819,31.9092804,35.2695732,820@37@11,818@15@11,,
820,31.9094188,35.2699337,821@26@11,819@37@11,,
821,31.9094917,35.2701998,822@5@11,820@26@11,,
822,31.9094727,35.2702546,823@18@11,821@5@11,376556@9@11,
823,31.9094115,35.2704315,824@32@11,822@18@11,,
824,31.9092512,35.2707233,825@37@11,823@32@11,,
825,31.9091419,35.271101,826@33@11,824@37@11,,
826,31.9090545,35.2714443,827@44@11,825@33@11,,
827,31.9088505,35.2718477,828@16@11,826@44@11,,
828,31.9087274,35.2719427,827@16@11,381028@312@11,831@39@11,
829,31.9095572,35.2722168,830@31@11,845@28@11,851@18@11,
830,31.9092804,35.2721309,831@24@11,829@31@11,,
831,31.9090618,35.272088,832@38@11,830@24@11,828@39@11,
832,31.9087266,35.2721739,831@38@11,833@6@11,,
833,31.90867,35.2721907,834@35@11,832@6@11,461276@109@11,
834,31.9086392,35.2725687,835@9@11,833@35@11,,
835,31.9086101,35.2726631,836@29@11,834@9@11,,
836,31.9083623,35.2727833,837@25@11,835@29@11,,
837,31.9081656,35.2729206,838@48@11,836@25@11,,
838,31.907947,35.2733669,839@61@11,837@48@11,,
839,31.9076847,35.273942,838@61@11,376665@20@11,376664@120@11,
840,31.9090545,35.2750578,841@4@11,,,
841,31.9090496,35.2750054,842@31@11,840@4@11,376708@59@11,376666@124@11
842,31.9090181,35.2746715,843@11@11,841@31@11,,
843,31.9090472,35.27456,844@93@11,842@11@11,,
844,31.9095062,35.2737274,845@118@11,843@93@11,376696@130@8,
845,31.9096665,35.2724914,844@118@11,849@14@11,829@28@11,
846,31.910978,35.2722511,847@78@11,852@111@11,,
847,31.9103878,35.272706,848@38@11,846@78@11,,
848,31.9100633,35.2725708,849@32@11,847@38@11,461281@6@11,
849,31.9097904,35.2724571,848@32@11,850@23@11,845@14@11,
850,31.9098341,35.2722082,851@17@11,849@23@11,461282@28@11,
851,31.909703,35.2721138,829@18@11,850@17@11,,
852,31.9117867,35.2729463,853@10@11,846@111@11,,
853,31.9117835,35.2730566,852@10@11,750@26@11,376517@45@11,
854,31.8255855,35.2397985,855@29@6,817233@14@8,,
855,31.8254777,35.2400828,856@16@6,,,
856,31.8254322,35.2402491,857@19@6,,,
857,31.8254016,35.2404513,858@20@6,,,
858,31.8253775,35.2406675,859@29@6,,,
859,31.8253775,35.240984,860@21@6,,,
860,31.825393,35.2412126,861@17@6,,,
861,31.8254139,35.2413971,862@15@6,,,
862,31.8254413,35.2415527,863@16@6,,,
863,31.8254823,35.2417243,864@21@6,,,
864,31.8255507,35.2419389,865@24@6,,,
865,31.8256327,35.2421749,866@26@6,,,
866,31.8257375,35.2424324,867@19@6,,,
867,31.8258064,35.2426217,868@46@6,903@11@11,,
868,31.82597,35.2430708,869@128@6,,,
869,31.8264622,35.2443046,870@34@6,,,
870,31.8266038,35.2446251,871@16@6,,,
871,31.8266765,35.244782,872@22@6,,,
872,31.8267995,35.2449752,873@16@6,,,
873,31.8268907,35.2451146,874@14@6,,,
874,31.8269636,35.2452434,875@9@6,,,
875,31.8270075,35.2453278,817174@5@9,817332@3@6,817331@3@6,
876,31.8275241,35.2404103,877@14@8,816960@30@8,,
877,31.8275529,35.2405547,878@87@8,876@14@8,927643@29@8,
878,31.8276929,35.2414693,879@45@8,877@87@8,,
879,31.8277595,35.2419408,880@73@8,878@45@8,817527@75@11,
880,31.827867,35.2427031,881@8@8,879@73@8,911@63@11,910@6@11
881,31.8278788,35.2427883,882@16@8,880@8@8,,
882,31.8279026,35.2429606,883@21@8,881@16@8,,
883,31.8279481,35.2431859,884@19@8,882@21@8,,
884,31.8280028,35.243379,885@20@8,883@19@8,,
885,31.8280667,35.2435829,886@21@8,884@20@8,,
886,31.8281487,35.2437867,887@20@8,885@21@8,,
887,31.8282398,35.2439799,888@9@8,886@20@8,,
888,31.8282899,35.2440655,889@9@8,887@9@8,817597@17@11,
889,31.8283401,35.2441515,890@22@8,888@9@8,,
890,31.8284677,35.2443339,891@40@8,889@22@8,,
891,31.8286956,35.2446665,892@32@8,890@40@8,,
892,31.828877,35.2449336,893@26@8,891@32@8,1057@85@11,1056@71@11
893,31.8290329,35.2451493,894@38@8,892@26@8,,
894,31.8292699,35.2454497,895@33@8,893@38@8,,
895,31.8294978,35.2456857,896@27@8,894@33@8,,
896,31.8297002,35.2458531,897@18@8,895@27@8,,
897,31.8298442,35.2459432,898@9@8,896@18@8,,
898,31.8299275,35.2459824,899@17@8,897@9@8,817598@33@11,
899,31.8300721,35.2460505,900@69@8,898@17@8,,
900,31.8306828,35.2462222,901@11@8,899@69@8,,
901,31.8307831,35.2462651,902@12@8,900@11@8,,
902,31.8308834,35.2463273,901@12@8,952@4@8,951@19@8,
903,31.8259051,35.2425734,904@13@11,867@11@11,817219@19@6,
904,31.8260247,35.2425315,905@12@11,903@13@11,,
905,31.8261341,35.2425315,906@30@11,904@12@11,,
906,31.8264081,35.2425464,907@8@11,905@30@11,,
907,31.8264822,35.242565,908@9@11,906@8@11,1061@62@11,1060@43@11
908,31.8265626,35.2425851,909@67@11,907@9@11,,
909,31.8271642,35.2426495,910@71@11,908@67@11,,
910,31.8278073,35.2427069,880@6@11,909@71@11,,
911,31.8284418,35.242709,912@41@11,880@63@11,1038@32@11,
912,31.8288141,35.2427353,913@42@11,911@41@11,,
913,31.8291879,35.2428104,914@50@11,912@42@11,,
914,31.8296274,35.2429502,915@51@11,913@50@11,817596@27@11,
915,31.8300716,35.2430915,916@14@11,914@51@11,,
916,31.8301997,35.2431323,917@27@11,915@14@11,,
917,31.8304356,35.2432017,918@10@11,916@27@11,817566@15@11,
918,31.8305278,35.2432288,919@24@11,917@10@11,,
919,31.8307466,35.243261,920@36@11,918@24@11,,
920,31.8310747,35.2432503,921@24@11,919@36@11,,
921,31.8312955,35.2432132,922@11@11,920@24@11,1023@14@11,
922,31.8313938,35.2431966,923@24@11,921@11@11,,
923,31.8316034,35.2431108,924@32@11,922@24@11,,
924,31.8318587,35.2429499,925@26@11,923@32@11,,
925,31.8320501,35.2427889,926@22@11,924@26@11,,
926,31.832205,35.242628,927@32@11,925@22@11,,
927,31.8323782,35.2423491,928@19@11,926@32@11,,
928,31.8324728,35.2421692,929@5@11,927@19@11,817526@14@11,
929,31.8324967,35.2421238,930@26@11,928@5@11,,
930,31.832597,35.2418663,931@27@11,929@26@11,,
931,31.832679,35.2415873,932@23@11,930@27@11,,
932,31.8327246,35.2413406,933@19@11,931@23@11,,
933,31.8327519,35.2411367,934@17@11,932@19@11,,
934,31.8327519,35.2409543,935@20@11,933@17@11,,
935,31.8327064,35.2407397,936@11@11,934@20@11,,
936,31.832679,35.2406217,937@29@11,935@11@11,,
937,31.8325514,35.2403535,938@16@11,936@29@11,,
938,31.8324511,35.2402248,937@16@11,988@13@8,987@8@8,
939,31.8285771,35.2470244,940@12@8,817263@29@6,,
940,31.8286797,35.2469703,941@24@8,939@12@8,817312@21@6,
941,31.8288962,35.2469625,942@17@8,940@24@8,,
942,31.8290511,35.2469625,943@13@8,941@17@8,,
943,31.8291719,35.2469911,944@30@8,942@13@8,817588@24@11,
944,31.8294431,35.2470483,945@30@8,943@30@8,,
945,31.8297166,35.2471019,946@22@8,944@30@8,,
946,31.8299171,35.2471019,947@21@8,945@22@8,,
947,31.8301085,35.2470698,948@24@8,946@21@8,817649@21@11,
948,31.8303091,35.2469732,949@22@8,947@24@8,,
949,31.8304823,35.2468444,950@21@8,948@22@8,,
950,31.8306281,35.2466942,951@25@8,949@21@8,,
951,31.8307739,35.2464904,902@19@8,950@25@8,,
952,31.8309107,35.2462866,953@28@8,902@4@8,,
953,31.8310747,35.2460612,954@16@8,952@28@8,,
954,31.831175,35.2459325,955@23@8,953@16@8,,
955,31.8313391,35.2457716,956@27@8,954@23@8,,
956,31.8315579,35.2456321,957@28@8,955@27@8,1180@17@11,
957,31.831804,35.2455355,958@38@8,956@28@8,,
958,31.8321321,35.2453961,959@24@8,957@38@8,,
959,31.8323326,35.2452888,960@19@8,958@24@8,,
960,31.8324876,35.2452029,961@18@8,959@19@8,,
961,31.8326152,35.2450849,962@22@8,960@18@8,,
962,31.8327519,35.2449025,963@6@8,961@22@8,,
963,31.8327867,35.2448499,964@16@8,962@6@8,1070@39@11,
964,31.8328796,35.2447094,965@21@8,963@16@8,,
965,31.8329707,35.2445056,966@21@8,964@21@8,,
966,31.8330345,35.244291,967@19@8,965@21@8,,
967,31.8330632,35.2440828,968@25@8,966@19@8,,
968,31.8330764,35.2438183,969@7@8,967@25@8,1053@215@11,817505@11@11
969,31.8330801,35.2437438,970@34@8,968@7@8,,
970,31.8330619,35.243379,971@35@8,969@34@8,,
971,31.8330619,35.2430035,972@28@8,970@35@8,,
972,31.8330983,35.2427031,973@34@8,971@28@8,,
973,31.8331895,35.2423491,974@21@8,972@34@8,,
974,31.833256,35.2421369,975@33@8,973@21@8,817545@9@11,
975,31.8333353,35.2417912,976@11@8,974@33@8,,
976,31.8333563,35.2416738,977@8@8,975@11@8,817617@11@11,
977,31.8333718,35.2415873,978@18@8,976@8@8,,
978,31.8333718,35.2413942,979@21@8,977@18@8,,
979,31.8333535,35.2411689,980@15@8,978@21@8,,
980,31.8333353,35.241008,981@22@8,979@15@8,,
981,31.8332715,35.2407827,982@29@8,980@22@8,,
982,31.8331165,35.2405359,983@22@8,981@29@8,,
983,31.8329707,35.2403642,984@18@8,982@22@8,,
984,31.8328522,35.2402248,985@16@8,983@18@8,,
985,31.8327155,35.2401604,986@11@8,984@16@8,,
986,31.8326152,35.2401604,987@10@8,985@11@8,,
987,31.8325241,35.2401926,938@8@8,986@10@8,,
988,31.83236,35.2401282,989@20@8,938@13@8,,
989,31.8322142,35.2399995,990@16@8,988@20@8,,
990,31.8320865,35.2399136,991@25@8,989@16@8,,
991,31.8318769,35.2398171,992@15@8,990@25@8,,
992,31.8317493,35.2397634,993@19@8,991@15@8,,
993,31.8315761,35.2397312,994@37@8,992@19@8,,
994,31.8312388,35.2396776,995@27@8,993@37@8,,
995,31.8309927,35.2396776,996@19@8,994@27@8,,
996,31.8308195,35.239699,997@24@8,995@19@8,,
997,31.8306099,35.2397634,998@31@8,996@24@8,,
998,31.8303364,35.2398278,999@18@8,997@31@8,,
